Youtube ID,Title,Interior,City,Nature,Town,Slasher,Vampire,Zombie,Ghost,Other,none,Rain/cloudy,Fog,Heat/sun,Snow,none,Land,Water,Air,None,Blood - Yes,No,Victims - Yes,No
39zVELGytWA,Wonderwheel,,,,X,,,,,,X,,,X,,,,,,X,,X,,X
hbKgQRykLOw,web4,,,X,,,,,,,X,,X,,,,X,,,,,X,,X
h2NACagypcc,web3,,,X,,,,,,,X,,X,,,,X,,,,,X,,X
cUyNhQlzjXU,web2,,,X,,,,,,,x,,x,,,,x,,,,,x,,x
vhPajCRN0pY,web,,,x,,,,,,,x,,x,,,,x,,,,,x,,x
QtxmeIbqTgU,shack4,,,x,,,,,,,x,x,,,,,,,,x,,x,,x
AzN0yTynCak,shack3,,,x,,,,,,,x,x,,,,,,,,x,,x,,x
#NAME?,shack2,,,x,,,,,,,x,x,,,,,,,,x,,x,,x
k93H-rCq5Hk,SC1,,,,X,,,,,,X,,,X,,,,,,X,,x,,x
tLs9R3GeAsI,reaper4,,,,x,x,,,,,,,x,,,,,,,x,,x,,x
xEsZQ_BQeD8,reaper3,,,,x,,,,,,x,,x,,,,,,,x,,x,,x
Ug3ZMJN7Fhs,reaper2,,,x,,x,,,,,,,x,,,,,,,x,,x,,x
42SygZP-zrg,reaper1,,,x,,x,,,,,,,x,,,,,,,x,,x,x,
_Y0kUR7CWDA,houseNL,,,,x,,,,,,x,,x,,,,,,,x,,x,,x
ydxxbnsyGDo,fog town3,,,,x,,,,,,x,,x,,,,,,,x,,x,,x
A4KXWLgl3qs,fog town2,,,,x,,,,,,x,,x,,,,,,,x,,x,,x
5vQURigfMUY,fog town,,,,x,,,,,,x,,x,,,,,,,x,,x,,x
Idavf5merQw,fog hill,,,,x,,,,,,x,,x,,,,,,,x,,x,,x
7voqYWq04ac,fog farm7,,,x,,,,,,,x,,x,,,,,,,x,,x,,x
5FNTzXEXjiI,fog farm6,,,x,,,,,,,x,,x,,,,,,,x,,x,,x
#NAME?,fog farm5,,,x,,,,,,,x,,x,,,,,,,x,,x,,x
N6Aj8rV4YPQ,fog farm4,,,x,,,,,,,x,,x,,,,,,,x,,x,,x
UTpMyeG4_K0,fog farm3,,,x,,,,,,,x,,x,,,,x,,,,,x,,x
ks1su_lr5MY,fog farm2,,,x,,,,,,,x,,x,,,,x,,,,,x,,x
HWT0kWb1k6w,fog farm1,,,x,,,,,,,x,,x,,,,x,,,,,x,,x
hTIVgHKv6LM,fog creek,,,x,,,,,,,x,,x,,,,,,,x,,x,,x
U5SiDmrVlF4,chandelier5,x,,,,,,,x,,,,,,,x,,,,x,,x,,x
0xgUP1ubr3k,chandelier4,x,,,,,,,x,,,,,,,x,,,,x,,x,,x
HCJZaZQbbEs,chandelier3,x,,,,,,,x,,,,,,,x,,,,x,,x,,x
7NdOiTrHJpQ,chandelier2,x,,,,,,,x,,,,,,,x,,,,x,,x,,x
nRWXv49hoyY,chandelier,x,,,,,,,x,,,,,,,x,,,,x,,x,,x
NYgsFTuJDIk,windytree3,,,x,,,,,,,x,,,x,,,,,,x,,x,,x
rOYghbbiQPU,windytree2,,,x,,,,,,,x,,,x,,,,,,x,,x,,x
bVkH-FfKUGg,windytree,,x,,,,,,,,x,,,x,,,,,,x,,x,,x
F7h6W6_fiLs,windygrass,,,x,,,,,,,x,,,x,,,,,,x,,x,,x
4v-iDaf0ARU,watching,,,,x,x,,,,x,,,,x,,,,,,x,,x,x,
Z5FI6mzfFlE,closet,x,,,,,,,x,,,,,,,x,,,,x,,x,x,
#NAME?,turkeys,,,x,,,,,,,x,,,x,,,x,,,,,x,,x
w76XzuVXnBY,TreesRain,,,x,,,,,,,x,x,,,,,,,,x,,x,,x
QHvPZJe9bSQ,trees,,,x,,,,,,,x,x,,,,,,,,x,,x,x,
oMTrghV0RgY,tree,,,,x,,,,,,x,,,x,,,,,,x,,x,,x
d_cej89lc3Q,trains,,x,,,,,,,,x,,,x,,,,,,x,,x,,x
ibOaHKNPPKM,sunset,,,x,,,,,,,x,,,x,,,x,,,,,x,,x
vvw-lS7E_Kw,sunrise,,x,,,,,,,,x,,,x,,,,,,x,,x,,x
N117bEYykwY,sunandfence,,,,x,,,,,,x,,,x,,,,,,x,,x,,x
PQV8uDJi5Yk,stray2 cat,,x,,,,,,,,x,,,x,,,x,,,,,x,,x
6_EA9DwbGR8,stray cat,,,,x,,,,,,x,,,x,,,x,,,,,x,,x
zsH6i-GHDrE,snake,,,x,,,,,,,,,,x,,,x,,,,,x,,x
qanvQ7fMnPM,shootthefreaks,,x,,,,,,,,x,,,x,,,,,,x,,x,,x
3_ZHVJPJNZo,wildturkeys,,,x,,,,,,,x,,x,,,,x,,,,,x,,x
YrwYP9J5HBg,whitehouse,,,,x,,,,,,x,,x,,,,,,,x,,x,,x
d6qLk5--QM4,turkeysrunning,,,,x,,,,,,x,,x,,,,x,,,,,x,,x
Rswcy5aJc74,turkeys2,,,,x,,,,,,x,,x,,,,x,,,,,x,,x
_IA4hJlsj5A,skyhair,,,x,,,,,,,x,x,,,,,,,,x,,x,x,
6pC2hmDH9gk,rainwindowcityangel,x,x,,,,,,,,x,x,,,,,,,,x,,x,,x
uE7tc7Cgy4o,rainwindowcity,x,x,,,,,,,,x,x,,,,,,,,x,,x,,x
vMH1EeNlmxc,porchswing2,,,,x,,,,x,,,,x,,,,,,,x,,x,,x
ZatwwtEHBFg,porchswing,,,,x,,,,x,,,,x,,,,,,,x,,x,,x
sFkBQliY_Sc,path,,,x,,,,,,,x,,,x,,,,,,x,,x,,x
P83tjQpm6bo,moonclouds,,,x,,,x,,,,,x,x,x,,,,,,x,,x,,x
QNKTX82TVjI,moon bay,,,,x,,,,,,x,,,x,,,,,,x,,x,,x
03uaLGOU8xQ,house bird,,,,x,,,,,,x,,,x,,,,,x,,,x,,x
dHVXkJtwNZg,trees,,,x,,,,,,,x,,,x,,,,,,x,,x,,x
flKv8IG8HEU,taxidermy1,x,,,,,,,,,x,,,,,x,x,,x,,,x,,x
x-yE20PlDzY,ghostwindow,,x,,x,,,,x,,,x,,,,,,,,x,,,,
lBQmv3A7kC8,ghost livingroom,x,,,,,,,x,,,,,,,x,,,,x,,x,,x
xsEK0UsqiHo,door creak2,x,,,,,,,,,x,,,,,x,,,,x,,x,,x
508qtVDHZz8,door creak,x,,,,,,,,,x,,,,,x,,,,x,,x,,x
UkifLphwjqs,clock,x,,,,,,,,,x,,,,,x,,,,x,,x,,x
MOYMuJsR3j4,chandelier,x,,,,,,,,,x,,,,,x,,,,x,,x,,x
jiADgWSOehw,blood drip window,x,,,,,,,,,x,,,,,x,,,,x,x,,,x
EhcALkYCrRs,blood drip sink2,x,,,,,,,,,x,,,,,x,,,,x,x,,,x
52ta46_Ssc0,blood drip sink,x,,,,,,,,,x,,,,,x,,,,x,x,,,x
_ZBq3grC3Tw,house hazy,,,,x,,,,,,x,x,,,,,,,,x,,x,,x
mmr7vE9RHx0,heronwalk,,,,x,,,,,,x,x,,,,,,,x,,,x,,x
CWHD_-eRAXU,greyhouse,,,,x,,,,,,x,x,,,,,,,,x,,x,,x
cZ8ZPF0pGGU,fogtree,,,x,,,,,,,x,,x,,,,x,,,,,x,,x
QAcNwCSYYX8,fogpowerlines,,,,x,,,,,,x,,x,,,,,,,x,,x,,x
gWt8gKplWCI,fogfence,,,x,,,,,,,x,,x,,,,,,,x,,x,,x
z3JGCIjwpC8,fogbarn2,,,,x,,,,,,x,,x,,,,x,,,,,x,,x
4Hbfj2ojMe0,fogbarn,,,,x,,,,,,x,,x,,,,x,,,,,x,,x
N8cQenS0TLo,diningtable,x,,,,,,,,,x,,,,,x,,,,x,,x,,x
Twe6QAFu5qY,deer2,,,,x,,,,,,x,x,,,,,x,,,,,x,,x
x23y6HHzBkY,deer,,,,x,,,,,,x,x,,,,,x,,,,,x,,x
86TVKYtgE4U,ceilingfan,x,,,,,,,,,x,,,,,x,,,,x,,x,,x
zjk-UM6fUzI,zombie2,,,x,,,,x,,,,,,x,,,,,,x,,x,,x
YKp7toJUqpA,zombie,,,x,,,,x,,,,,,x,,,,,,x,,x,,x
gabA5qTlq7w,wind-drapes,x,,,,,,,x,,,,,,,x,,,,x,,x,,x
bEtbU-66VLw,victim3b,x,,,,,,,x,,,,,,,x,,,,x,,x,x,
iFadwdHX7xw,victim3,x,,,,,,,x,,,,,,,x,,,,x,,x,x,
iqHQY3SpNuo,victim2,x,,,,,,,x,,,,,,,x,,,,x,x,,x,
6P1fE8GtZ58,victim,x,,,,,,,,,x,,,,,x,,,,x,x,,x,
clgLf34Ujxg,taxidermy bird,x,,,,,,,,,x,,,,,x,,,x,,,x,,x
3rMosklGG_4,roofs,,,,x,,,,,,x,x,,,,,,,,x,,x,,x
9nHv0vaK15E,ghostwindow2,x,,,,,,,x,,,,,,,x,,,,x,,x,,x
NRuEgBd3-iQ,ghoststairs,x,,,,,,,x,,,,,,,x,,,,x,,x,,x
bSFQYB1pa3U,ghostly,x,,,,,,,x,,,,,,,x,,,,x,,x,x,
lGXdvZQ7j2E,ghost,x,,,,,,,x,,,,,,,x,,,,x,,x,,x
k3BXnno5IvA,ghost-window2,,,,x,,,,x,,,x,,,,,,,,x,,x,x,
JeOfxMevdjU,ghost-chandleir,x,,,,,,,x,,,,,,,x,,,,x,,x,,x
9eVL3ESBxGI,drip-knob,x,,,,,,,,,x,,,,,x,,,,x,x,,,x
YLrWvIqIo6w,chandelierswing,x,,,,,,,x,,,,,,,x,,,,x,,x,,x
kVhssEjLyrY,chandelier-drip,x,,,,,,,x,,,,,,,x,,,,x,x,,,x
jbMY-rIE8Dk,bloodmirror,x,,,,,,,,,x,,,,,x,,,,x,x,,,x
vRlmgbdHeEk,blooddropfloor2,x,,,,,,,,,x,,,,,x,,,,x,x,,,x
QckjXoXXBgI,blooddrips,x,,,,,,,,,x,,,,,x,,,,x,x,,,x
JWXKos29uts,blooddrips-window,x,,,,,,,,,x,,,,,x,,,,x,x,,,x
9PriXGilAwA,blooddrip-window,x,,,,,,,,,x,,,,,x,,,,x,x,,,x
pjAe_mEFG2c,blooddrip-radiator,x,,,,,,,,,x,,,,,x,,,,x,x,,,x
7hVjorVnyNg,blooddrip-doorhandle,x,,,,,,,,,x,,,,,x,,,,x,x,,,x
NfMvHvxYreE,blooddrios2,x,,,,,,,,,x,,,,,x,,,,x,x,,,x
gbRd9lPdEYU,bloodchair,x,,,,,,,,,x,,,,,x,,,,x,x,,,x
-R8m8qs8cXI,blood-floor1,x,,,,,,,,,x,,,,,x,,,,x,x,,,x
rKcJjL4aKH8,blood-drain,x,,,,,,,,,x,,,,,x,,,,x,x,,,x
gM_ztrBNxPE,blood-bath1,x,,,,,,,,,x,,,,,x,,,,x,x,,,x
